Width (m),Discharge (m3/s),D50 (m),Depth (m),
12.10,21.20,0.0831,1.00,
5.30,1.80,0.0385,0.40,
12.60,9.70,0.0477,0.70,
13.60,4.70,0.045,0.50,
12.70,10.60,0.0595,0.90,
26.20,33.40,0.0062,1.20,
4.10,1.10,0.0152,0.40,
11.50,7.50,0.0534,0.90,
8.00,4.40,0.0607,0.50,
9.50,4.70,0.0564,0.70,
12.12,46.40,0.0848,1.00,
13.70,7.70,0.0828,0.80,
12.80,15.00,0.0396,1.00,
12.11,57.80,0.0787,1.50,
17.30,7.60,0.0623,0.90,
5.90,1.70,0.0301,0.50,
8.40,2.10,0.0308,0.60,
16.50,15.40,0.194,0.70,
21.90,30.60,0.1307,1.00,
12.13,38.20,0.1317,1.20,
4.20,1.30,0.0046,0.40,
17.80,12.90,0.1443,0.80,
11.60,11.90,0.1041,0.80,
12.90,15.30,0.0455,0.90,
26.00,37.50,0.091,1.30,
36.60,101.00,0.064,0.91,
6.98,2.69,0.034,1.45,
24.90,42.00,0.079,0.29,
10.00,6.70,0.023,0.88,
5.00,1.90,0.024,0.48,
47.00,85.20,0.024,0.31,
8.00,4.50,0.091,0.97,
12.00,9.80,0.085,0.43,
34.00,49.00,0.098,0.49,
6.00,2.50,0.037,0.46,
12.00,12.20,0.061,0.84,
7.00,2.70,0.034,0.41,
37.00,114.00,0.07,0.73,
31.00,72.20,0.122,0.29,
2.00,0.70,0.049,1.65,
6.00,3.20,0.061,1.13,
9.00,8.40,0.073,0.20,
7.00,2.20,0.052,0.39,
12.00,7.10,0.046,0.43,
24.00,46.70,0.045,0.34,
18.00,22.60,0.043,0.52,
36.60,114.00,0.07,1.62,
53.30,167.00,0.058,0.73,
83.80,255.00,0.034,1.65,
4.85,2.00,0.058,1.63,
7.80,7.10,0.025,1.85,
25.67,27.94,0.000062,0.41,
22.30,15.29,0.00025,0.58,
13.70,22.65,0.00025,2.38,
15.00,10.00,0.000510,0.57,
121.00,2096.00,0.056,1.57,
178.00,1700.00,0.05,1.50,
170.00,1042.00,0.042,4.87,
212.00,3820.00,0.073,3.33,
18.00,34.26,0.06588,2.25,
30.05,27.01,0.01813,4.77,
24.08,34.55,0.05956,1.05,
16.80,59.75,0.09281,1.21,
22.33,14.36,0.17945,0.94,
25.76,45.31,0.01695,1.20,
15.77,9.00,0.01244,0.70,
41.00,86.90,0.06695,1.09,
10.84,6.40,0.05001,0.65,
18.20,10.59,0.048,1.40,
16.93,5.15,0.01832,0.40,
40.37,28.60,0.07615,0.54,
14.10,13.88,0.11912,0.62,
9.91,5.47,0.10169,0.82,
9.66,4.62,0.03807,0.75,
17.00,48.42,0.03021,0.59,
22.46,21.01,0.11855,0.50,
10.00,7.76,0.07083,1.23,
12.39,8.35,0.02964,1.00,
37.84,98.26,0.128,0.51,
12.14,92.60,0.0872,0.72,
127.41,566.34,0.0006,0.96,
109.73,805.33,0.0407,2.20,
103.63,280.99,0.0506,6.10,
44.50,48.70,0.0988,5.06,
13.20,12.00,0.071,1.34,
28.10,37.90,0.0819,4.97,
8.90,4.30,0.041,1.43,
17.50,17.00,0.0145,2.19,
34.10,79.90,0.0446,1.68,
22.70,49.80,0.0506,3.99,
21.70,19.40,0.0682,2.74,
33.20,74.40,0.0332,0.83,
40.50,97.70,0.0495,0.77,
54.60,117.40,0.107,1.00,
32.30,54.90,0.0382,0.26,
48.50,79.60,0.119,0.93,
19.10,25.20,0.0861,1.46,
35.40,70.50,0.18,1.22,
49.10,91.30,0.0672,0.76,
30.50,59.30,0.0675,1.33,
5.50,5.70,0.0207,1.56,
16.90,27.80,0.119,1.26,
22.10,58.90,0.0523,0.82,
61.60,133.90,0.133,1.05,
47.90,89.10,0.0331,0.86,
19.40,25.10,0.0778,1.45,
20.90,38.50,0.115,1.15,
12.60,8.50,0.0393,1.55,
8.30,2.00,0.0817,0.55,
25.10,22.20,0.0964,0.79,
34.40,67.70,0.0269,1.72,
10.90,7.10,0.0735,1.17,
61.60,123.00,0.0516,1.30,
15.00,21.00,0.121,0.78,
11.10,8.60,0.0614,0.98,
61.00,116.90,0.0581,0.53,
17.80,11.20,0.116,0.38,
13.50,3.30,0.101,0.84,
21.10,20.20,0.0584,1.55,
29.60,50.70,0.067,0.70,
19.30,27.80,0.0158,1.12,
8.60,5.40,0.0434,0.71,
22.30,30.00,0.11,0.57,
25.80,22.10,0.119,1.87,
29.60,19.50,0.00041,0.32,
32.30,49.60,0.0453,0.41,
19.42,17.10,0.0244,0.84,
16.64,11.10,0.0562,0.90,
21.95,19.54,0.0101,1.53,
20.12,16.06,0.0699,0.52,
20.06,13.20,0.0506,0.76,
23.68,25.43,0.0182,0.79,
33.83,31.54,0.0242,1.20,
38.71,68.16,0.023,0.95,
19.00,66.00,0.082,1.10,
31.00,67.00,0.043,0.64,
26.00,66.00,0.039,0.93,
17.36,64.00,0.075,0.69,
14.04,10.00,0.106,0.71,
9.84,10.70,0.113,1.38,
13.73,29.50,0.041,0.90,
17.63,66.00,0.071,1.57,
34.37,140.00,0.063,1.36,
18.41,58.00,0.074,1.77,
25.12,25.00,0.063,1.16,
26.34,66.00,0.039,1.78,
28.67,81.00,0.055,0.73,
39.90,170.00,0.113,0.73,
55.78,260.00,0.075,1.34,
42.64,212.00,0.104,1.79,
16.73,14.20,0.057,3.06,
13.70,36.50,0.089,1.36,
58.00,370.00,0.077,0.78,
19.03,66.00,0.051,1.16,
5.24,2.70,0.033,1.63,
39.33,157.00,0.072,1.89,
59.35,550.00,0.028,2.77,
19.48,38.00,0.04,2.09,
2.07,0.57,0.04,0.69,
5.79,0.71,0.00006,1.06,
4.57,0.34,0.0055,3.60,
44.81,46.44,0.00007,2.47,
42.67,55.22,0.0001,0.65,
34.14,42.48,0.04,2.64,
29.87,35.96,0.001,4.19,
185.93,2406.93,0.00477,1.67,
54.86,141.58,0.0005,0.24,
137.16,453.07,0.00004,0.43,
217.93,1670.69,0.00018,0.21,
213.36,1415.84,0.0001,1.16,
982.98,7079.21,0.00018,1.22,
102.11,396.44,0.000041,0.91,
152.40,481.39,0.00067,1.01,
2143.96,42475.27,0.0003,5.52,
1381.35,42475.27,0.0005,2.74,
152.40,1132.67,0.000043,1.83,
152.40,849.51,0.0015,5.94,
579.12,4400.44,0.00032,4.57,
160.02,1982.18,0.004,4.88,
344.42,6611.98,0.00019,5.18,
146.30,339.80,0.00004,4.57,
152.40,849.51,0.00096,16.76,
320.04,1274.26,0.0003,20.12,
106.68,849.51,0.0008,3.96,
605.33,21237.63,0.00025,6.10,
274.32,16990.11,0.0016,3.81,
205.74,2123.76,0.00015,7.92,
178.31,1359.21,0.00015,7.32,
365.76,1982.18,0.00032,1.52,
975.36,30582.19,0.00018,3.05,
121.92,283.17,0.00205,2.59,
274.32,1727.33,0.005,5.18,
1402.08,7079.211648,0.00001,11.89,
31.00,55.00,0.00044,15.24,
625.00,16950.00,0.00031,6.40,
776.00,16300.00,0.00031,5.43,
515.00,1500.00,0.00045,3.96,
187.00,850.00,0.0003,10.97,
226.00,1133.00,0.00033,1.68,
186.00,850.00,0.00038,5.01,
12.00,13.00,0.00042,6.096,
21.20,50.20,0.0481,2.53,
8.90,7.40,0.0436,13.92,
17.50,17.00,0.0032,11.34,
27.50,66.30,0.0277,3.00,
35.70,33.70,0.0038,2.20,
5.40,4.00,0.00025,3.76,
23.70,31.10,0.0422,2.97,
29.60,46.50,0.0243,1.17,
29.40,28.30,0.0008,1.30,
17.50,9.43,0.00733,0.70,
26.50,40.80,0.0894,0.90,
20.79,27.47,0.027,1.60,
3.99,2.62,0.02394,0.80,
1.89,0.36,0.059,0.40,
2.04,0.35,0.048,0.70,
7.59,2.45,0.067,0.80,
10.09,7.87,0.04,0.60,
5.70,6.11,0.14,0.68,
8.35,8.18,0.11,1.10,
2.59,0.85,0.043,0.84,
4.30,2.30,0.017,0.40,
5.18,2.33,0.038,0.21,
1.01,0.16,0.038,0.18,
1.28,0.16,0.038,0.24,
0.52,0.0255,0.012,0.46,
13.20,26.99,0.018,0.70,
12.83,31.25,0.027,0.55,
6.07,5.95,0.044,0.27,
1.22,0.17,0.0087,0.34,
1.65,0.24,0.011,0.34,
1.31,0.23,0.013,0.15,
5.36,3.67,0.031,0.15,
5.33,2.97,0.04,0.09,
3.72,0.61,0.083,1.04,
6.07,3.77,0.066,1.19,
6.71,9.91,0.023,0.49,
2.47,0.30,0.039,0.12,
8.96,6.63,0.014,0.12,
5.36,2.46,0.031,0.18,
3.78,1.17,0.039,0.43,
7.41,7.81,0.027,0.40,
13.23,29.94,0.0084,0.21,
14.33,29.53,0.016,0.30,
11.37,17.34,0.041,0.40,
12.28,17.70,0.023,0.18,
2.93,0.95,0.033,0.49,
1.55,0.28,0.019,0.34,
2.65,0.28,0.074,0.27,
17.98,88.89,0.044,0.58,
11.22,9.08,0.052,1.16,
10.30,7.85,0.041,1.16,
11.25,8.88,0.05,0.79,
9.45,5.89,0.032,0.76,
7.92,4.50,0.042,0.21,
7.32,4.02,0.025,0.18,
3.20,1.15,0.1,0.15,
3.14,0.37,0.039,1.66,
1.20,0.0107,0.00045,0.46,
0.17,0.00036,0.00045,0.58,
0.15,0.00044,0.00045,0.58,
0.15,0.00043,0.00045,0.50,
0.15,0.00045,0.00045,0.56,
0.25,0.00352,0.00045,0.48,
0.25,0.00335,0.00045,0.34,
0.25,0.00402,0.00045,0.12,
0.25,0.00313,0.00045,0.04,
0.25,0.00361,0.00045,0.02,
0.50,0.00363,0.00045,0.02,
0.50,0.00308,0.00045,0.02,
0.17,0.00026,0.00045,0.02,
0.50,0.00346,0.00045,0.05,
0.50,0.00363,0.00045,0.05,
0.50,0.00363,0.00045,0.05,
0.50,0.00363,0.00045,0.05,
0.30,0.00363,0.00045,0.05,
0.30,0.00460,0.00045,0.03,
0.30,0.00394,0.00045,0.03,
0.30,0.00460,0.00045,0.02,
0.30,0.00363,0.00045,0.03,
0.30,0.00300,0.00045,0.03,
0.17,0.00031,0.00045,0.03,
0.30,0.00288,0.00045,0.03,
0.30,0.00329,0.00045,0.04,
0.30,0.00053,0.00045,0.04,
0.30,0.00065,0.00045,0.04,
0.30,0.00058,0.00045,0.04,
0.30,0.00060,0.00045,0.04,
0.30,0.00057,0.00045,0.04,
0.30,0.00054,0.00045,0.02,
0.30,0.00309,0.00045,0.04,
0.30,0.00292,0.00045,0.04,
1.00,0.0150,0.00045,0.01,
0.30,0.00273,0.00045,0.01,
0.30,0.00252,0.00045,0.01,
0.30,0.00285,0.00045,0.01,
0.30,0.00279,0.00045,0.01,
0.45,0.00297,0.00045,0.01,
0.45,0.00288,0.00045,0.03,
0.45,0.00325,0.00045,0.03,
0.45,0.00331,0.00045,0.05,
0.45,0.00274,0.00045,0.03,
0.45,0.00344,0.00045,0.03,
1.00,0.0171,0.00045,0.03,
0.45,0.00308,0.00045,0.03,
0.17,0.00083,0.00045,0.03,
0.17,0.00061,0.00045,0.03,
0.17,0.00077,0.00045,0.03,
0.17,0.00067,0.00045,0.03,
0.17,0.00065,0.00045,0.03,
0.17,0.00072,0.00045,0.03,
0.17,0.00067,0.00045,0.05,
0.40,0.00152,0.00045,0.03,
0.40,0.00147,0.00045,0.01,
1.00,0.0129,0.00045,0.01,
0.40,0.00126,0.00045,0.01,
0.40,0.00123,0.00045,0.01,
0.40,0.00143,0.00045,0.01,
0.40,0.00132,0.00045,0.01,
0.20,0.00104,0.00045,0.01,
0.20,0.00104,0.00045,0.02,
0.20,0.00114,0.00045,0.02,
0.20,0.00110,0.00045,0.05,
0.13,0.00064,0.00045,0.02,
0.13,0.00077,0.00045,0.02,
1.00,0.0150,0.00045,0.02,
0.13,0.00067,0.00045,0.02,
0.13,0.00070,0.00045,0.02,
0.13,0.00064,0.00045,0.02,
0.13,0.00067,0.00045,0.02,
0.20,0.00075,0.00045,0.02,
0.20,0.00075,0.00045,0.01,
0.20,0.00073,0.00045,0.01,
0.20,0.00073,0.00045,0.05,
0.20,0.00073,0.00045,0.01,
0.20,0.00075,0.00045,0.01,
1.00,0.0150,0.00045,0.01,
0.25,0.00091,0.00045,0.01,
0.25,0.00097,0.00045,0.01,
0.25,0.00091,0.00045,0.01,
0.25,0.00097,0.00045,0.01,
0.25,0.00105,0.00045,0.01,
0.10,0.00021,0.00045,0.01,
0.10,0.00020,0.00045,0.01,
0.10,0.00021,0.00045,0.05,
0.10,0.00020,0.00045,0.02,
1.12,0.0249,0.00045,0.02,
0.35,0.00189,0.00045,0.02,
1.12,0.0285,0.00045,0.02,
1.12,0.0269,0.00045,0.02,
1.83,0.0328,0.00045,0.01,
1.83,0.0306,0.00045,0.01,
1.83,0.0306,0.00045,0.01,
1.02,0.0112,0.00045,0.01,
1.02,0.0088,0.00045,0.06,
1.02,0.0103,0.00045,0.02,
1.02,0.0111,0.00045,0.06,
0.43,0.00324,0.00045,0.06,
0.35,0.00189,0.00045,0.06,
0.43,0.00341,0.00045,0.06,
0.43,0.00284,0.00045,0.06,
1.04,0.0311,0.00045,0.05,
1.04,0.0343,0.00045,0.05,
1.04,0.0286,0.00045,0.05,
1.49,0.0521,0.00045,0.05,
1.49,0.0491,0.00045,0.03,
1.49,0.0391,0.00045,0.02,
1.49,0.0429,0.00045,0.03,
2.39,0.19,0.00045,0.03,
1.20,0.0117,0.00045,0.10,
0.35,0.00216,0.00045,0.10,
2.39,0.18,0.00045,0.10,
2.39,0.18,0.00045,0.09,
1.68,0.13,0.00045,0.09,
1.68,0.14,0.00045,0.09,
2.29,0.16,0.00045,0.09,
2.29,0.16,0.00045,0.17,
2.29,0.15,0.00045,0.04,
2.54,0.0797,0.00045,0.02,
2.54,0.11,0.00045,0.17,
2.54,0.0948,0.00045,0.17,
0.35,0.00204,0.00045,0.19,
2.54,0.11,0.00045,0.19,
2.54,0.13,0.00045,0.15,
2.54,0.13,0.00045,0.15,
2.54,0.11,0.00045,0.15,
2.54,0.13,0.00045,0.10,
2.54,0.13,0.00045,0.10,
2.54,0.17,0.00045,0.10,
2.54,0.14,0.00045,0.02,
2.16,0.14,0.00045,0.10,
2.16,0.15,0.00045,0.17,
0.35,0.00206,0.00045,0.17,
2.16,0.11,0.00045,0.17,
2.16,0.14,0.00045,0.15,
0.89,0.0246,0.00045,0.15,
0.89,0.0241,0.00045,0.15,
0.89,0.0241,0.00045,0.15,
1.40,0.0644,0.00045,0.15,
1.40,0.0777,0.00045,0.15,
1.40,0.0727,0.00045,0.02,
2.41,0.13,0.00045,0.15,
2.41,0.13,0.00045,0.15,
0.35,0.00210,0.00045,0.08,
2.41,0.10,0.00045,0.08,
2.41,0.11,0.00045,0.08,
0.81,0.0179,0.00045,0.13,
0.81,0.0191,0.00045,0.13,
0.81,0.0181,0.00045,0.13,
1.52,0.0508,0.00045,0.14,
1.52,0.0432,0.00045,0.14,
1.52,0.0488,0.00045,0.02,
1.52,0.0445,0.00045,0.14,
0.69,0.0097,0.00045,0.14,
0.35,0.00210,0.00045,0.06,
0.69,0.0119,0.00045,0.06,
0.69,0.0104,0.00045,0.06,
0.69,0.0094,0.00045,0.10,
0.69,0.0100,0.00045,0.10,
1.78,0.0824,0.00045,0.10,
1.78,0.0813,0.00045,0.10,
1.78,0.0813,0.00045,0.03,
0.89,0.0267,0.00045,0.02,
0.89,0.0225,0.00045,0.03,
0.89,0.0255,0.00045,0.03,
0.35,0.00174,0.00045,0.03,
0.84,0.0280,0.00045,0.03,
0.84,0.0332,0.00045,0.08,
0.84,0.0326,0.00045,0.08,
0.84,0.0300,0.00045,0.08,
0.51,0.0060,0.00045,0.06,
0.51,0.0077,0.00045,0.06,
0.51,0.0072,0.00045,0.06,
1.19,0.0481,0.00045,0.02,
1.19,0.0599,0.00045,0.09,
1.19,0.0509,0.00045,0.09,
0.35,0.00195,0.00045,0.09,
1.19,0.0509,0.00045,0.09,
1.42,0.0464,0.00045,0.04,
1.42,0.0440,0.00045,0.04,
1.42,0.0436,0.00045,0.04,
1.65,0.0528,0.00045,0.09,
1.65,0.0528,0.00045,0.09,
1.65,0.0498,0.00045,0.09,
1.32,0.0501,0.00045,0.02,
1.32,0.0513,0.00045,0.09,
1.32,0.0561,0.00045,0.10,
0.35,0.00192,0.00045,0.10,
0.56,0.0080,0.00045,0.10,
0.56,0.0081,0.00045,0.08,
0.56,0.0083,0.00045,0.08,
0.56,0.00275,0.00045,0.08,
0.56,0.00293,0.00045,0.10,
0.56,0.00315,0.00045,0.10,
0.56,0.00219,0.00045,0.10,
0.30,0.00228,0.00045,0.02,
0.30,0.00206,0.00045,0.05,
0.30,0.00194,0.00045,0.05,
0.35,0.00168,0.00045,0.05,
0.30,0.00228,0.00045,0.02,
0.46,0.0060,0.00045,0.02,
0.46,0.0061,0.00045,0.02,
0.46,0.0073,0.00045,0.02,
0.46,0.0070,0.00045,0.02,
0.46,0.0075,0.00045,0.02,
0.46,0.00442,0.00045,0.02,
0.46,0.00367,0.00045,0.02,
0.46,0.00459,0.00045,0.02,
0.46,0.00465,0.00045,0.04,
0.35,0.00140,0.00045,0.04,
0.41,0.0050,0.00045,0.04,
0.41,0.0050,0.00045,0.04,
0.41,0.00492,0.00045,0.04,
0.64,0.0128,0.00045,0.04,
0.64,0.0112,0.00045,0.04,
0.64,0.0128,0.00045,0.04,
0.64,0.0125,0.00045,0.04,
0.64,0.0117,0.00045,0.02,
1.27,0.0283,0.00045,0.03,
1.27,0.0300,0.00045,0.03,
1.20,0.0107,0.00045,0.03,
0.35,0.00168,0.00045,0.06,
1.27,0.0255,0.00045,0.06,
1.27,0.0309,0.00045,0.06,
2.92,0.29,0.00045,0.06,
2.92,0.29,0.00045,0.06,
2.92,0.27,0.00045,0.08,
2.92,0.30,0.00045,0.08,
0.94,0.0219,0.00045,0.04,
0.94,0.0208,0.00045,0.02,
0.94,0.0203,0.00045,0.08,
0.94,0.0174,0.00045,0.08,
0.35,0.00168,0.00045,0.20,
0.94,0.0203,0.00045,0.20,
0.36,0.00287,0.00045,0.20,
0.36,0.00328,0.00045,0.20,
0.36,0.00340,0.00045,0.05,
0.36,0.00291,0.00045,0.05,
0.64,0.0068,0.00045,0.05,
0.64,0.0079,0.00045,0.05,
0.64,0.0062,0.00045,0.02,
0.64,0.0072,0.00045,0.05,
0.64,0.0067,0.00045,0.03,
0.55,0.00440,0.00045,0.03,
0.18,0.00118,0.00045,0.03,
0.18,0.00235,0.00045,0.03,
0.18,0.00131,0.00045,0.04,
0.18,0.00112,0.00045,0.04,
0.18,0.00107,0.00045,0.04,
0.41,0.0072,0.00045,0.04,
0.41,0.0074,0.00045,0.04,
0.41,0.0074,0.00045,0.04,
0.64,0.00500,0.00045,0.01,
0.64,0.00492,0.00045,0.01,
0.55,0.00489,0.00045,0.01,
0.64,0.00434,0.00045,0.01,
0.64,0.00492,0.00045,0.01,
0.79,0.0146,0.00045,0.04,
0.79,0.0168,0.00045,0.04,
0.79,0.0155,0.00045,0.04,
0.56,0.0093,0.00045,0.03,
0.56,0.0079,0.00045,0.03,
0.56,0.0105,0.00045,0.04,
0.56,0.0102,0.00045,0.03,
0.56,0.0110,0.00045,0.03,
0.55,0.00440,0.00045,0.05,
0.56,0.0113,0.00045,0.05,
0.51,0.0068,0.00045,0.05,
0.51,0.0069,0.00045,0.05,
0.51,0.0069,0.00045,0.05,
0.64,0.0100,0.00045,0.05,
0.64,0.0128,0.00045,0.05,
0.64,0.0128,0.00045,0.05,
0.64,0.0120,0.00045,0.04,
0.38,0.00315,0.00045,0.05,
0.38,0.00347,0.00045,0.05,
0.55,0.00440,0.00045,0.05,
0.38,0.00358,0.00045,0.05,
0.38,0.00333,0.00045,0.05,
0.48,0.0057,0.00045,0.05,
0.48,0.0052,0.00045,0.05,
0.48,0.00467,0.00045,0.05,
0.48,0.0056,0.00045,0.03,
0.22,0.00084,0.00045,0.03,
0.22,0.00108,0.00045,0.04,
0.22,0.00104,0.00045,0.03,
0.22,0.00091,0.00045,0.03,
0.55,0.0051,0.00045,0.03,
0.22,0.00117,0.00045,0.03,
0.20,0.00068,0.00045,0.03,
0.20,0.00065,0.00045,0.03,
0.20,0.00071,0.00045,0.02,
0.20,0.00071,0.00045,0.02,
0.19,0.00026,0.00045,0.02,
0.19,0.00026,0.00045,0.02,
0.19,0.00027,0.00045,0.04,
0.86,0.0103,0.00045,0.02,
0.86,0.0105,0.00045,0.01,
0.35,0.00225,0.00045,0.01,
0.86,0.0096,0.00045,0.01,
0.86,0.0132,0.00045,0.01,
0.35,0.00225,0.00045,0.01,
0.35,0.00225,0.00045,0.01,
1.20,0.0117,0.00045,0.01,
0.35,0.00225,0.00045,0.04,
0.20,0.00037,0.00045,0.04,
0.20,0.00031,0.00045,0.02,
0.20,0.00031,0.00045,0.04,
0.20,0.00031,0.00045,0.04,
0.20,0.00031,0.00045,0.02,
0.15,0.00078,0.00045,0.02,
0.17,0.00026,0.00045,0.04,
0.15,0.00078,0.00045,0.02,
0.15,0.00059,0.00045,0.01,
0.15,0.00059,0.00045,0.01,
0.15,0.00078,0.00045,0.01,
0.25,0.00036,0.00045,0.01,
0.25,0.00041,0.00045,0.01,
0.25,0.00036,0.00045,0.01,
0.25,0.00036,0.00045,0.02,
0.25,0.00036,0.00045,0.01,
0.25,0.00036,0.00045,0.01,
0.17,0.00022,0.00045,0.01,
0.20,0.00048,0.00045,0.01,
0.20,0.00047,0.00045,0.01,
0.20,0.00051,0.00045,0.01,
0.20,0.00051,0.00045,0.01,
0.20,0.00049,0.00045,0.01,
0.35,0.00088,0.00045,0.01,
0.35,0.00072,0.00045,0.01,
0.35,0.00077,0.00045,0.02,
0.35,0.00091,0.00045,0.01,
0.35,0.00065,0.00045,0.01,
0.17,0.00031,0.00045,0.01,
0.35,0.00084,0.00045,0.01,
0.45,0.00291,0.00045,0.01,
0.45,0.00262,0.00045,0.03,
0.45,0.00262,0.00045,0.03,
0.45,0.00209,0.00045,0.03,
0.45,0.00174,0.00045,0.03,
0.45,0.00262,0.00045,0.03,
0.45,0.00174,0.00045,0.02,
0.45,0.00262,0.00045,0.03,
0.45,0.00174,0.00045,0.02,
0.17,0.00031,0.00045,0.02,
0.22,0.00347,0.00045,0.02,
0.22,0.00208,0.00045,0.02,
0.22,0.00260,0.00045,0.02,
0.22,0.00347,0.00045,0.02,
0.22,0.00260,0.00045,0.02,
0.22,0.00347,0.00045,0.02,
0.22,0.00260,0.00045,0.02,
0.30,0.00066,0.00045,0.02,
0.30,0.00075,0.00045,0.04,
0.30,0.00067,0.00045,0.04,
0.17,0.00036,0.00045,0.04,
0.30,0.00073,0.00045,0.04,
0.30,0.00070,0.00045,0.04,
0.30,0.00067,0.00045,0.04,
0.90,0.0108,0.00045,0.04,
0.90,0.0093,0.00045,0.01,
0.90,0.0108,0.00045,0.01,
0.90,0.0108,0.00045,0.01,
0.90,0.0130,0.00045,0.02,
0.90,0.0108,0.00045,0.01,
0.90,0.0108,0.00045,0.01,
23.16,32.76,0.003,0.01,
7.77,5.78,0.024,0.04,
22.71,47.06,0.017,0.04,
44.20,391.06,0.025,0.04,
5.9,4.5,0.0004,0.04,
51.72,103.00,0.02366,0.04,
15.80,0.63,0.00211,0.04,
6.50,0.47,0.00641,0.04,
4.80,0.19,0.00291,0.85,
9.60,0.40,0.0032,1.21,
4.88,0.99,0.0102,0.47,
3.05,0.59,0.00058,1.22,
11.58,4.81,0.00867,3.46,
16.70,4.73,0.00748,1.5,
5.15,1.59,0.00366,1.25,
16.80,2.15,0.00399,0.55,
3.08,0.14,0.00053,0.89,
1.92,0.0419,0.00096,2.00,
2.87,0.0261,0.0014,2.23,
4.10,0.12,0.00192,2.58,
3.35,0.12,0.00095,1.13,
10.10,0.68,0.00215,3.12,
14.60,1.22,0.00563,3.19,
46.30,109.60,0.018200,2.00,
61.00,127.40,0.021000,2.41,
85.34,258.00,0.001,2.67,
68.00,163.00,0.019,1.04,
152.00,510.00,0.021,1.89,
27.00,141.00,0.0115,2.05,
46.00,199.00,0.03,0.72,
37.00,73.00,0.0135,4.39,
99.00,368.00,0.0188,0.79,
12.00,8.50,0.018,0.85,
196.60,2265.35,0.00002,0.46,
594.00,11553.00,0.0134,0.49,
10.00,13.50,0.03,0.67,
10.00,5.50,0.0275,0.72,
13.00,5.24,0.0305,1.24,
6.00,6.30,0.038,2.32,
7.00,6.85,0.0195,2.15,
2.44,1.51,0.024,1.58,
8.00,5.50,0.011,0.13,
15.00,25.30,0.051,0.29,
8.00,5.90,0.019,0.09,
10.00,11.60,0.0275,0.72,
9.00,16.70,0.037,0.21,
2.74,2.75,0.0155,0.91,
3.00,0.54,0.019,1.09,
3.00,2.25,0.0245,1.04,
5.00,1.70,0.042,1.17,
10.00,7.62,0.012,2.45,
13.00,8.92,0.031,1.23,
5.00,1.52,0.029,1.01,
9.00,6.29,0.027,3.51,
3.00,1.06,0.04,1.50,
7.00,2.42,0.0175,3.51,
50.00,145.00,0.056,2.79,
50.00,156.00,0.045,0.49,
12.00,10.20,0.02,5.15,
6.00,3.40,0.043,8.84,
9.00,8.86,0.052,0.82,
9.00,12.90,0.0375,0.37,
10.00,5.83,0.042,0.30,
12.00,7.73,0.0305,0.49,
24.00,28.30,0.03,0.46,
4.00,3.51,0.046,0.27,
7.00,6.20,0.053,0.37,
14.00,17.00,0.04,0.73,
2.00,1.90,0.034,0.46,
16.00,20.20,0.0285,0.61,
9.91,8.44,0.0779,0.76,
12.34,8.72,0.096,0.46,
3.93,1.87,0.0247,0.30,
8.84,6.29,0.0995,0.40,
23.53,14.61,0.0783,0.27,
12.10,9.43,0.128,0.73,
12.34,11.55,0.1863,0.40,
24.84,30.89,0.1048,0.24,
45.63,76.71,0.0851,0.37,
22.59,36.36,0.0671,0.40,
16.49,25.26,0.1748,0.37,
22.07,30.04,0.1149,1.30,
26.82,5.72,0.0366,1.50,
17.62,26.36,0.1046,0.55,
15.70,13.20,0.0808,0.30,
12.07,11.38,0.1217,0.55,
12.34,13.71,0.128,0.73,
13.08,5.55,0.09,0.37,
49.13,149.71,0.1586,0.34,
15.03,27.61,0.1332,0.76,
20.03,24.81,0.15,0.52,
9.57,7.05,0.0369,0.52,
23.07,31.01,0.1396,0.52,
14.54,20.87,0.015,0.37,
18.56,17.13,0.077,0.98,
35.20,25.60,0.032,0.54,
42.73,92.65,0.0744,0.83,
29.41,37.77,0.1581,0.49,
14.48,9.51,0.1744,0.54,
7.92,3.68,0.0848,0.68,
7.71,3.79,0.0482,0.48,
20.18,27.21,0.095,0.62,
9.63,5.75,0.0983,0.65,
244.00,2270.00,0.03,0.80,
38.40,39.13,0.02547,1.02,
39.62,77.02,0.0172,0.94,
21.03,18.07,0.01602,0.79,
436.00,1532.00,0.0003,0.39,
78.00,39.00,0.00027,0.76,
171.00,55.00,0.00027,0.64,
282.00,276.00,0.00027,0.76,
113.00,256.00,0.000245,0.65,
151.00,640.00,0.000245,0.41,
181.00,249.00,0.000245,1.24,
363.00,730.00,0.00022,0.91,
146.00,127.00,0.00022,0.69,
132.00,326.00,0.00022,0.80,
200.00,220.00,0.00022,0.73,
183.00,335.00,0.0003,1.03,
58.00,228.00,0.000245,0.56,
568.00,1374.00,0.000245,0.46,
56.00,235.00,0.000245,0.96,
504.00,1094.00,0.000245,0.87,
144.00,66.00,0.000245,0.52,
118.00,204.00,0.00022,0.38,
428.00,943.00,0.00018,0.48,
145.00,274.00,0.00018,1.05,
254.00,226.00,0.00018,0.61,
335.00,193.00,0.00018,4.36,
170.00,387.00,0.0003,1.37,
217.00,363.00,0.00018,1.80,
38.00,87.00,0.0002,1.75,
996.00,2846.00,0.0002,2.70,
119.00,408.00,0.0002,1.10,
370.00,713.00,0.000095,0.70,
345.00,2462.00,0.0002,1.10,
558.00,2819.00,0.00026,2.00,
559.00,2584.00,0.00026,2.70,
60.00,111.00,0.00026,2.60,
68.00,113.00,0.00026,1.90,
29.00,45.00,0.0002,1.00,
65.00,114.00,0.00026,1.90,
68.00,113.00,0.0002,1.70,
53.00,57.00,0.00027,2.50,
52.00,123.00,0.00025,3.50,
38.00,98.00,0.00025,2.30,
30.00,9.00,0.00021,3.50,
72.00,16.00,0.00021,2.20,
50.00,9.00,0.00021,0.90,
32.00,8.00,0.00021,1.90,
51.00,11.00,0.00021,2.70,
639.00,2197.00,0.0002,1.90,
40.00,18.00,0.00021,1.20,
73.00,9.00,0.00021,0.90,
647.00,2102.00,0.0002,3.50,
78.00,42.00,0.00027,2.00,
200.00,808.00,0.00027,2.20,
182.00,749.00,0.00027,2.30,
37.20,66.50,0.176,4.30,
36.90,102.80,0.0368,2.00,
3.00,1.10,0.0141,5.40,
17.20,19.30,0.0256,4.60,
15.90,15.30,0.135,2.20,
28.20,63.70,0.2,2.40,
17.30,29.70,0.028,2.40,
27.10,34.30,0.0514,2.00,
19.40,44.70,0.0472,2.60,
11.20,9.20,0.022,5.30,
10.90,4.00,0.073,1.40,
8.50,5.10,0.0324,3.80,
2.70,0.40,0.0076,3.50,
35.70,81.60,0.0828,0.70,
13.40,17.80,0.0503,0.50,
32.60,62.00,0.149,0.50,
20.60,14.70,0.0636,0.80,
17.90,22.10,0.0198,1.30,
27.70,80.40,0.0731,2.40,
7.68,3.17,0.0151,1.50,
5.30,2.60,0.0323,0.70,
25.30,68.50,0.0461,2.30,
66.40,66.80,0.0552,1.10,
45.40,104.80,0.0558,3.00,
16.90,13.10,0.108,3.00,
23.80,59.70,0.137,1.40,
3.00,1.60,0.0547,1.60,
35.70,67.40,0.0506,0.50,
8.00,3.10,0.0616,1.10,
46.60,85.20,0.0652,0.80,
7.10,6.70,0.0759,1.10,
27.90,38.20,0.0219,0.70,
31.40,83.80,0.103,0.90,
22.20,32.60,0.0627,1.60,
34.40,67.70,0.0657,0.90,
28.90,34.00,0.109,0.40,
40.80,94.60,0.123,0.60,
11.80,7.50,0.0374,0.20,
40.20,78.40,0.0489,1.50,
50.30,91.20,0.12,0.80,
18.00,11.90,0.052,1.50,
43.90,53.80,0.089,0.80,
51.20,122.00,0.042,0.90,
38.10,113.00,0.051,1.30,
79.90,203.00,0.07,0.52,
23.40,29.40,0.054,0.50,
22.90,46.20,0.046000,1.20,
95.10,608.90,0.000320,0.90,
18.60,7.90,0.000260,1.70,
49.40,166.00,0.027,0.60,
31.10,62.30,0.043,1.30,
123.00,1020.00,0.038,0.30,
59.40,187.00,0.047,1.50,
35.10,52.40,0.145,0.50,
280.00,5440.00,0.08,1.10,
126.00,510.00,0.043,0.40,
30.50,42.50,0.045,1.40,
64.30,113.00,0.056,1.30,
76.80,278.00,0.079,1.00,
441.96,2605.15,0.00019,1.40,
38.71,396.44,0.00033,1.00,
59.44,107.32,0.0002,1.40,
46.33,130.26,0.00031,0.70,
737.62,16706.94,0.00022,1.10,
79.25,566.34,0.00026,1.20,
225.25,849.51,0.00028,0.58,
42.06,148.95,0.00029,0.79,
76.00,178.00,0.03,1.16,
44.00,53.00,0.089,2.04,
168.00,1075.00,0.026,1.37,
77.00,277.00,0.079,1.40,
49.00,165.00,0.027,2.04,
85.00,933.00,0.027,5.00,
30.00,42.00,0.045,1.10,
31.00,65.00,0.096,1.10,
18.00,11.00,0.052,1.22,
24.00,20.00,0.078,3.84,
80.00,203.00,0.07,1.28,
41.00,141.00,0.063,0.76,
59.00,186.00,0.047,6.95,
111.00,1839.00,0.073,2.38,
29.00,55.00,0.066,0.95,
82.00,1416.00,0.086,0.98,
134.00,1811.00,0.042,1.49,
53.00,268.00,0.019,5.33,
126.00,509.00,0.043,7.19,
121.00,486.00,0.049,2.62,
475.00,14998.00,0.053,3.20,
479.00,7782.00,0.046,11.19,
549.00,9004.00,0.041,4.15,
31.00,62.00,0.043,2.74,
123.00,1018.00,0.038,3.78,
28.00,130.00,0.051,1.70,
27.00,42.00,0.051,0.79,
280.00,5433.00,0.08,2.46,
119.00,489.00,0.063,1.49,
51.00,121.00,0.042,1.09,
35.00,100.00,0.023,3.29,
50.00,203.00,0.038,0.94,
38.00,113.00,0.051,1.24,
15.00,20.35,0.04,0.57,
20.50,49.00,0.0905,0.58,
11.13,3.40,0.099,1.37,
59.10,167.00,0.076,1.67,
10.80,7.80,0.077,1.28,
24.00,39.70,0.19,3.84,
77.30,446.00,0.148,1.50,
61.60,214.00,0.146,5.00,
84.00,453.00,0.095,4.57,
36.30,118.00,0.104,2.22,
85.20,326.00,0.096,2.37,
89.20,652.00,0.173,1.98,
53.00,86.40,0.11,11.15,
34.20,70.80,0.038,5.82,
11.30,5.10,0.046,7.60,
6.40,2.50,0.062,1.21,
24.70,24.10,0.04,3.84,
3.00,1.10,0.0408,3.41,
10.00,4.80,0.0219,1.58,
10.00,3.80,0.0238,6.94,
5.00,3.50,0.038,2.31,
5.06,4.81,0.004,1.15,
3.14,1.36,0.011,2.04,
7.10,1.41,0.0005,2.16,
9.54,3.10,0.001,2.04,
2.35,0.55,0.002,1.03,
7.89,3.28,0.00025,0.73,
2722.00,161330.00,0.00025,0.56,
385.00,3200.00,0.0004,1.38,
507.00,3700.00,0.0003,0.43,
621.00,6000.00,0.0003,1.01,
3400.00,60000.00,0.00025,2.70,
1042.00,21000.00,0.0004,1.43,
1028.00,20000.00,0.0004,2.78,
1770.00,64600.00,0.0004,1.82,
1320.00,17140.00,0.0003,1.85,
1490.00,27330.00,0.0004,2.54,
1330.00,20500.00,0.0003,0.95,
1043.00,90000.00,0.0002,1.72,
3201.00,120000.00,0.00025,0.44,
2140.00,70000.00,0.0003,0.33,
2160.00,60000.00,0.0003,0.79,
1150.00,12300.00,0.0003,0.40,
9.10,5.40,0.021,0.53,
13.70,20.40,0.089,0.42,
6.40,2.30,0.07,0.56,
10.10,9.50,0.105,0.58,
2.47,0.40,0.006,0.40,
2.70,0.50,0.031,0.76,
2.70,1.70,0.000062,0.94,
36.60,39.60,0.05,0.24,
4.30,2.10,0.028,0.61,
6.40,3.50,0.0325,38.00,
7.30,4.00,0.052,6.00,
3.00,0.20,0.005,6.60,
1.90,0.40,0.000062,7.50,
4.30,1.60,0.0057,15.00,
13.70,9.80,0.028,16.00,
7.60,3.70,0.1,15.00,
10.40,7.40,0.11,17.40,
2.50,0.40,0.015,11.70,
9.10,19.00,0.165,13.50,
17.37,25.97,0.027,13.10,
17.40,32.30,0.08,43.00,
1.30,0.30,0.045,26.50,
22.90,15.70,0.065,19.50,
5.80,1.90,0.058,17.00,
11.90,13.60,0.035,16.84,
22.30,32.00,0.04,0.70,
11.58,5.52,0.009,0.80,
7.90,6.80,0.215,0.40,
7.60,7.80,0.0052,0.50,
6.70,5.90,0.1,0.37,
2.70,0.40,0.06,0.20,
3.00,0.80,0.014,0.10,
10.10,10.60,0.16,0.70,
5.50,5.60,0.11,0.50,
14.90,12.50,0.06,0.30,
4.60,1.70,0.06,0.40,
5.80,2.70,0.08,0.20,
7.90,3.70,0.058,0.20,
10.40,17.50,0.105,0.60,
4.30,1.20,0.039,0.80,
9.14,5.41,0.021,0.50,
4.57,1.44,0.0226,0.60,
105.00,570.00,0.0006,0.30,
11.00,16.84,0.141,0.40,
18.00,23.00,0.026,0.82,
18.23,37.10,0.0578,0.50,
1.97,0.34,0.0004,0.20,
13.81,32.85,0.0001,0.60,
3.44,0.76,0.0143,0.30,
15.33,4.84,0.0216,0.70,
2.93,0.96,0.0202,0.60,
13.87,24.15,0.0002,0.46,
27.95,117.51,0.0018,0.80,
29.38,100.52,0.0113,0.70,
2.86,0.88,0.0188,0.50,
8.90,8.58,0.0224,0.20,
2.39,0.28,0.0013,0.30,
2.76,0.57,0.0135,0.60,
6.37,7.70,0.0004,0.50,
8.66,5.80,0.0241,0.60,
41.15,197.65,0.0904,0.50,
20.91,32.28,0.0503,0.70,
56.00,193.50,0.000431,0.40,
18.60,14.80,0.000301,0.50,
5.30,7.20,0.044,0.30,
14.20,32.10,0.152,0.67,
13.00,21.70,0.119,0.37,
25.80,47.80,0.086,4.68,
7.40,12.50,0.113,1.12,
8.30,16.90,0.114,1.20,
23.70,76.90,0.084,1.04,
15.40,36.10,0.222,0.15,
2.90,1.10,0.111,1.01,
24.00,77.20,0.051,0.18,
2.00,0.70,0.002,0.34,
2.00,0.20,0.029,0.34,
4.50,1.00,0.00027,0.76,
5.50,1.80,0.00014,2.04,
8.20,1.10,0.00033,1.86,
5.30,2.20,0.00019,0.30,
5.76,3.24,0.00947,0.64,
15.58,17.38,0.01031,0.15,
12.30,17.80,0.03663,0.18,
13.20,18.80,0.00063,0.55,
26.30,75.30,0.0202,0.61,
30.78,74.02,0.01904,1.65,
13.70,29.20,0.00036,0.76,
16.50,25.90,0.0077,1.83,
13.30,10.30,0.13281,1.83,
15.80,29.00,0.032,0.91,
17.70,37.80,0.10694,1.68,
15.85,29.59,0.014,1.22,
20.10,39.30,0.01454,0.30,
20.40,72.50,0.00283,0.43,
20.40,55.50,0.02642,1.74,
25.36,52.87,0.01695,0.18,
23.62,59.44,0.01797,0.73,
5.82,4.60,0.004,0.82,
20.73,47.40,0.00174,0.52,
15.18,29.00,0.00071,1.16,
4.03,3.25,0.01069,1.22,
22.98,43.35,0.00428,0.49,
10.55,6.22,0.01386,0.37,
5.36,2.43,0.00064,1.13,
16.40,9.60,0.00032,1.22,
11.10,6.30,0.00067,0.46,
35.75,77.19,0.051,0.70,
9.05,5.18,0.02169,0.46,
2.26,0.34,0.00693,0.40,
11.30,15.30,0.01321,0.21,
10.20,2.80,0.001,1.13,
9.20,7.70,0.00026,0.55,
11.83,13.16,0.01311,5.85,
17.30,19.10,0.00025,3.17,
54.90,154.90,0.006000,0.50,
24.40,65.00,0.001000,0.90,
7.60,23.40,0.000450,0.90,
88.40,427.00,0.000500,1.00,
42.70,313.90,0.000500,0.60,
56.40,73.10,0.000500,0.70,
67.10,73.10,0.000500,1.60,
33.50,303.00,0.000450,1.00,
25.90,90.70,0.000330,0.30,
48.80,252.00,0.000800,1.50,
17.89,23.53,0.010668,0.20,
41.45,176.13,0.178308,0.20,
49.99,210.39,0.545592,0.40,
33.22,46.16,0.370332,0.60,
10.91,2.86,0.036576,0.30,
27.71,64.00,0.166116,0.90,
32.92,48.70,0.21336,0.51,
20.73,27.24,0.056388,0.58,
44.81,101.94,0.696468,0.80,
17.16,33.98,0.21336,1.20,
11.67,9.23,0.193548,1.80,
12.62,20.33,0.071628,1.43,
34.75,74.19,0.126492,1.20,
46.94,127.99,0.039624,1.00,
45.11,112.13,0.44196,0.60,
28.80,55.50,0.131064,1.00,
48.77,91.75,0.09144,1.00,
15.64,11.33,0.105156,1.19,
15.20,16.76,0.00048,1.20,
4.50,1.27,0.00059,1.80,
14.40,12.43,0.00041,1.30,
35.50,37.66,0.0003,1.46,
10.40,6.14,0.00015,1.34,
7.10,0.65,0.00061,0.50,
29.10,35.68,0.00086,1.50,
6.60,0.48,0.0004,1.54,
3.70,0.20,0.00071,0.44,
40.60,75.04,0.00045,1.27,
10.90,7.36,0.00055,0.37,
3.30,0.59,0.00121,0.55,
35.50,37.66,0.0003,1.20,
14.50,14.95,0.00038,0.90,
11.70,10.62,0.00061,1.49,
14.45,12.43,0.00132,0.52,
11.70,9.97,0.00199,0.22,
10.09,11.27,0.00065,1.00,
6.10,7.02,0.00059,0.70,
11.03,7.19,0.00081,0.90,
14.17,8.81,0.00055,0.95,
18.04,37.10,0.00135,1.50,
34.00,120.00,0.064,1.71,
33.90,38.20,0.0339,1.89,
14.90,6.40,0.0079,1.40,
40.90,45.30,0.0371,4.50,
14.20,1.40,0.0001,4.69,
32.60,25.20,0.0008,1.89,
140.00,1200.00,0.000400,1.71,
145.00,980.00,0.004520,2.90,
160.00,830.00,0.006200,2.80,
3.40,3.40,0.076,3.11,
41.60,142.00,0.022,1.38,
142.50,2210.00,0.074,1.37,
187.00,2607.00,0.054,1.62,
9.88,8.47,0.07112,1.71,
59.44,178.96,0.039116,0.40,
10.96,7.67,0.133688667,0.78,
4.83,2.24,0.047244,1.10,
10.90,8.41,0.086106,1.07,
20.23,29.17,0.061214,1.33,
18.48,32.60,0.04018,0.94,
42.43,89.20,0.0896,0.50,
17.07,22.50,0.0352,1.19,
52.63,181.20,0.0207,0.90,
5.18,1.47,0.037084,2.79,
46.63,79.90,0.0554,1.53,
54.10,182.36,0.055372,1.05,
21.70,56.07,0.147066,1.30,
45.59,114.68,0.061468,0.55,
24.52,78.44,0.119634,2.44,
20.14,31.43,0.007874,0.61,
25.78,37.70,0.09055,1.62,
24.13,48.70,0.027,1.46,
15.16,14.36,0.000254,1.04,
20.45,15.57,0.068326,0.37,
15.68,12.30,0.0109,2.29,
11.55,2.50,0.00065,0.27,
15.92,17.36,0.103124,0.18,
4.92,1.93,0.075184,2.01,
25.51,70.79,0.065532,1.07,
16.83,9.90,0.0183,0.30,
6.70,1.10,0.00006,1.46,
11.64,7.39,0.063246,1.49,
12.41,7.65,0.099822,2.23,
68.99,182.36,0.019812,1.62,
4.65,2.04,0.040894,1.43,
17.22,2.83,0.032258,1.68,
11.43,12.40,0.0545,1.46,
53.48,136.77,0.058674,0.94,
18.26,19.20,0.04572,1.37,
17.33,19.54,0.020066,1.92,
3.37,0.82,0.028702,2.40,
97.55,236.16,0.102616,1.00,
8.01,4.93,0.043688,0.90,
14.68,9.74,0.049022,1.70,
11.38,2.49,0.045974,0.60,
8.30,4.40,0.0372,1.20,
57.20,117.20,0.0184,5.00,
10.17,4.25,0.025908,3.00,
16.48,17.84,0.053848,3.00,
10.71,3.77,0.147066,1.10,
35.56,87.78,0.002032,0.46,
19.00,29.73,0.010922,1.01,
10.96,7.67,0.13369,0.94,
49.15,175.56,0.122174,1.16,
10.90,8.41,0.08611,0.37,
20.86,34.83,0.068072,1.67,
24.52,78.44,0.11963,5.27,
59.34,200.20,0.15748,5.12,
14.60,5.55,0.034036,0.50,
16.75,19.23,0.166116,2.12,
35.38,68.53,0.086614,0.53,
45.11,159.71,0.17094,0.49,
13.11,9.17,0.01905,0.66,
17.07,22.74,0.213106,1.22,
31.15,118.36,0.16307,0.84,
16.96,33.13,0.087122,1.20,
33.26,60.03,0.084074,0.97,
33.73,142.43,0.07696,1.47,
31.48,85.52,0.058928,0.27,
19.96,25.88,0.103124,1.00,
11.75,6.43,0.024892,1.52,
74.22,188.02,0.048768,0.73,
17.30,16.40,0.019,1.52,
7.00,8.50,0.0559,1.31,
25.10,15.50,0.0405,1.60,
4.60,2.20,0.0001,0.67,
74.70,104.80,0.0558,1.07,
10.10,7.50,0.0648,1.22,
7.60,3.40,0.0048,0.75,
3.60,1.30,0.0005,1.10,
49.89,65.41,0.07061,0.58,
107.00,700.00,0.0003,0.97,
23.00,40.00,0.00033,0.39,
104.00,255.00,0.049,1.25,
87.00,354.00,0.05,0.80,
242.00,2661.00,0.057,0.27,
333.00,2280.00,0.022,0.47,
356.00,2718.00,0.052,0.62,
48.00,40.00,0.027,2.79,
111.00,733.00,0.014,0.49,
311.00,2890.00,0.067,0.55,
493.00,9628.00,0.058,0.77,
52.00,416.99,0.045,1.80,
2286.00,216340.71,0.0002,1.20,
138.00,875.00,0.0071,1.06,
34.024824,60.31488324,0.155,0.22,
7.65048,5.861587245,0.096,1.75,
11.59764,16.14060256,0.07,0.35,
21.500592,25.48516193,0.108,1.06,
27.29484,33.98021591,0.05,0.68,
27.2796,33.98021591,0.0325,0.30,
22.728936,65.12874716,0.135,2.07,
23.429976,41.62576449,0.1575,0.27,
8.805672,4.247526989,0.1095,0.85,
34.058352,56.63369318,0.155,0.45,
47.75,186.9,0.0645,2.12,
13.47216,24.918825,0.1675,1.50,
23.664672,43.89111222,0.107,0.53,
59.8932,116.099071,0.1055,1.71,
39.084504,82.11885512,0.0548,0.66,
12.874752,24.918825,0.1175,0.79,
22.00,34.00,0.152,1.31,
107.00,622.67,0.057,1.87,
168.80,1543.45,0.028,0.55,
77.50,579.53,0.052,0.76,
102.00,608.43,0.058,1.34,
160.50,978.71,0.052,1.77,
128.50,1020.76,0.047,0.82,
137.35,1319.62,0.038,0.70,
195.50,2928.89,0.07,1.28,
127.05,1428.97,0.034,0.76,
103.05,2012.31,0.063,1.01,
37.50,20.00,0.0205,1.73,
42.20,25.00,0.0063,1.85,
7.50,2.27,0.01,0.70,
22.86,40.72,0.011,0.64,
21.34,14.10,0.00025,1.42,
10.94,10.34,0.095,0.50,
31.67,35.28,0.078,0.70,
28.32,24.32,0.025,0.40,
8.29,4.56,0.0003,0.50,
10.73,11.75,0.031,1.00,
9.88,2.83,0.00022,0.50,
13.29,7.76,0.00014,0.90,
34.50,18.09,0.001,0.50,
27.55,24.00,0.019,0.90,
15.12,10.70,0.00009,5.00,
21.40,22.40,0.021,2.00,
21.34,22.06,0.002,1.36,
15.76,5.30,0.021,1.98,
18.41,34.66,0.009,4.60,
15.24,5.49,0.00021,4.64,
13.11,11.13,0.026,4.24,
19.63,24.95,0.003,0.98,
8.38,2.61,0.00038,3.86,
15.82,4.08,0.001,4.63,
23.47,5.47,0.00025,6.77,
12.62,6.60,0.00023,1.93,
15.00,7.39,0.00027,48.12,
7.32,1.95,0.005,1.89,
26.61,18.70,0.021,1.10,
23.38,11.41,0.006,4.25,
19.20,3.28,0.009,1.228344,
21.95,9.66,0.013,0.56388,
22.28,9.80,0.00075,0.694944,
27.22,18.72,0.00063,0.768096,
12.31,5.30,0.017,1.060704,
16.46,14.22,0.029,1.018032,
56.97,125.02,0.03,1.039368,
16.92,1.67,0.00007,1.167384,
7.83,2.35,0.012,0.347472,
20.73,99.11,0.00025,1.133856,
10.97,24.07,0.00027,1.43,
40.84,88.91,0.0005,0.801624,
14.33,46.16,0.0004,1.0668,
10.67,16.57,0.00021,1.048512,
9.75,36.81,0.0005,1.594104,
37.49,61.59,0.00025,0.935736,
30.48,127.43,0.00048,1.27,
43.59,58.90,0.00025,2.39,
89.31,308.65,0.0005,4.97,
64.92,453.07,0.0013,3.14,
76.81,396.44,0.00063,2.43,
67.06,311.49,0.00071,2.84,
74.68,566.34,0.00095,3.67,
50.29,254.85,0.00057,4.37,
74.98,566.34,0.0009,4.74,
73.46,368.12,0.00088,5.37,
70.10,283.17,0.00052,5.99,
15.91,19.51,0.01562,1.21,
6.55,1.53,0.01343,1.23,
4.20,1.30,0.03863,0.45,
6.64,5.72,0.01241,1.31,
21.90,77.30,0.03123,0.78,
33.31,34.55,0.00416,0.58,
4.51,1.47,0.01517,1.16,
96.00,300.20,0.07493,0.73,
4.72,1.81,0.0106,0.92,
12.10,20.10,0.09486,0.82,
12.10,5.00,0.01294,0.38,
75.59,291.66,0.01471,0.94,
10.80,11.00,0.02917,0.60,
11.37,14.16,0.04505,0.96,
5.79,2.78,0.0142,0.97,
9.40,9.10,0.02823,0.83,
13.99,3.94,0.0084,1.55,
63.80,410.60,0.03793,0.41,
13.93,17.84,0.01517,1.57,
30.02,59.18,0.01383,0.56,
16.73,26.05,0.04144,0.78,
29.70,45.60,0.0443,1.02,
9.60,9.40,0.00554,0.62,
27.22,59.47,0.0179,0.47,
10.52,16.71,0.01866,0.40,
8.90,7.08,0.00703,0.83,
6.30,7.90,0.04898,0.85,
17.20,25.80,0.0392,0.53,
7.60,5.40,0.05183,0.68,
19.30,35.40,0.05983,0.78,
38.50,82.70,0.05412,0.39,
15.91,19.51,0.01562,0.58,
12.80,21.95,0.01113,0.72,
6.55,1.53,0.01343,0.93,
19.17,15.35,0.01773,0.42,
11.19,7.93,0.01169,0.71,
5.79,2.78,0.0142,1.34,
13.99,3.94,0.0084,0.37,
4.57,1.02,0.00978,0.35,
4.39,1.87,0.01699,0.91,
7.74,3.40,0.01103,1.98,
8.90,7.08,0.00703,0.94,
43.43,70.51,0.02786,1.34,
37.00,54.65,0.00021,1.19,
152.40,3157.63,0.05407919,2.38,
114.30,3368.49,0.027525957,0.76,
142.90,1913.59,0.000540167,0.70,
152.40,1902.22,0.000227494,2.23,
161.90,2178.99,0.000548663,1.77,
133.40,1535.98,0.000340791,6.55,
181.00,2608.97,0.000458557,5.67,
171.50,2472.03,0.000368349,5.10,
76.20,1851.44,0.026030896,6.67,
114.30,3451.26,0.052944905,6.32,
76.20,2603.78,0.050776551,5.86,
104.80,2998.19,0.075010983,4.17,
95.30,3792.30,0.029750039,4.66,
114.30,2896.84,0.048538475,1.23,
114.30,3677.94,0.023408014,1.30,
171.50,5411.80,0.048051609,0.34,
152.40,4688.80,0.009433679,0.30,
152.40,1689.57,0.077784783,0.86,
228.60,7646.22,0.001607392,1.00,
133.40,3719.66,0.065737885,2.10,
171.50,3533.11,0.081378729,1.00,
161.90,2980.24,0.080884284,0.30,
104.80,1608.86,0.07314272,1.39,
133.40,1929.47,0.059552248,0.39,
133.40,1867.70,0.054465858,0.50,
114.30,1403.65,0.033150317,1.90,
133.40,1958.53,0.069330453,0.51,
142.90,2065.51,0.031583553,0.60,
95.30,919.35,0.05526036,0.80,
95.30,1402.41,0.010095306,0.90,
104.80,1584.80,0.045889815,2.32,
95.30,1565.16,0.028518052,1.00,
114.30,1948.91,0.028901133,0.98,
114.30,2171.92,0.008106626,0.46,
142.90,3521.00,0.044345976,0.70,
114.30,1802.95,0.000598293,0.70,
161.90,2833.89,0.033667833,0.91,
114.30,1296.20,0.050469445,3.70,
104.80,1380.81,0.00069341,1.37,
76.20,825.12,0.034692787,1.00,
133.40,1194.00,0.018286001,2.01,
104.80,1249.87,0.010966874,0.90,
133.40,1627.99,0.039560921,1.30,
142.90,2061.87,0.000857414,0.80,
171.50,2639.01,0.019140497,2.31,
181.00,2434.63,0.029475083,1.00,
133.40,1706.65,0.000565194,0.98,
85.70,706.57,0.006420659,0.89,
114.30,1428.33,0.033957788,0.70,
133.40,1545.07,0.000634909,0.60,
76.20,1577.02,0.043900078,1.10,
133.40,2263.05,0.03616963,0.50,
95.30,1661.12,0.000475227,1.10,
123.80,1986.00,0.04008103,1.50,
142.90,1996.99,0.000601415,1.23,
133.40,1432.59,0.015556185,1.07,
133.40,1580.88,0.004973704,0.34,
133.40,1580.88,0.000577312,0.81,
123.80,1541.87,0.000494478,0.72,
123.80,1817.07,0.007223516,0.46,
142.90,2246.47,0.015662801,0.91,
114.30,2700.87,0.047059965,0.33,
123.80,1759.79,0.022964812,0.43,
133.40,2322.92,0.021893314,0.58,
123.80,1584.45,0.024191561,0.89,
133.40,2475.66,0.016488908,1.37,
95.30,1226.64,0.015907278,2.46,
85.70,1144.64,0.000358087,8.35,
114.30,1743.78,0.005387677,10.60,
114.30,1500.92,0.026084972,11.54,
85.70,1326.38,0.000355398,9.38,
85.70,1000.01,0.003551709,10.68,
104.80,2338.14,0.032955358,9.14,
95.30,944.60,0.000793265,11.17,
95.30,1122.56,0.000353569,11.17,
114.30,1182.24,0.004707294,11.20,
85.70,1388.70,0.000339634,12.37,
95.30,1456.04,0.009986455,12.94,
114.30,1548.48,0.000368113,11.49,
95.30,1454.17,0.000439965,13.05,
85.70,916.98,0.000329487,11.16,
85.70,1256.32,0.000581366,12.82,
133.40,1567.21,0.000195428,12.93,
142.90,4828.51,0.056824158,12.26,
95.30,1482.45,0.000411087,6.19,
95.30,1265.94,0.000345375,11.78,
85.70,1159.54,0.000307239,9.72,
95.30,991.22,0.000373275,9.00,
85.70,1096.37,0.000357495,8.11,
95.30,994.71,0.000392874,9.14,
85.70,1076.29,0.000406144,6.92,
76.20,795.81,0.00022052,9.03,
76.20,967.29,0.000433725,6.02,
66.70,670.32,0.000338544,9.18,
152.40,3063.24,0.056973371,6.92,
66.70,894.08,0.000339304,6.43,
66.70,764.11,0.000344824,9.20,
66.70,787.81,0.00033879,8.04,
66.70,834.72,0.000795503,9.12,
66.70,792.59,0.000332664,9.12,
76.20,896.94,0.000350943,9.95,
76.20,918.03,0.000378593,11.51,
85.70,1320.54,0.000337543,9.56,
85.70,1221.05,0.000317293,11.08,
133.40,2206.89,0.000444765,7.09,
64.90,425.00,0.00038,9.62,
67.60,279.30,0.00032,5.82,
39.40,145.90,0.0005,5.70,
58.30,197.20,0.00059,8.06,
109.10,1324.20,0.00026,6.46,
121.50,1451.50,0.00022,7.76,
126.10,1308.80,0.00024,7.09,
28.10,117.60,0.00161,7.60,
21.70,92.60,0.00028,6.01,
61.00,816.50,0.0003,4.91,
210.50,615.10,0.00064,6.25,
78.70,750.40,0.00039,7.19,
125.60,383.60,0.00063,8.05,
128.50,415.30,0.00082,9.12,
101.20,555.40,0.00066,8.54,
49.50,246.70,0.00012,7.94,
58.60,307.10,0.00043,6.41,
43.30,114.60,0.00107,5.54,
44.40,179.30,0.00019,6.20,
65.40,287.90,0.00036,6.20,
71.50,302.70,0.00047,7.12,
98.60,362.10,0.00054,6.83,
61.10,281.90,0.00084,8.27,
78.30,482.60,0.00042,9.45,
82.70,510.50,0.00062,7.25,
43.20,200.70,0.00138,8.71,
39.20,44.60,0.00017,8.59,
16.30,37.70,0.00014,9.14,
71.70,220.10,0.00023,10.06,
56.70,135.40,0.00057,10.12,
87.00,444.60,0.00035,10.10,
119.40,559.80,0.00035,9.66,
44.20,75.40,0.00128,11.55,
148.60,657.30,0.00065,8.05,
107.40,591.30,0.00051,8.23,
105.20,690.50,0.00062,12.24,
218.00,1351.50,0.00026,11.55,
225.00,1367.80,0.00026,11.89,
35.20,172.70,0.0016,12.86,
54.30,181.40,0.0005,11.66,
37.50,165.70,0.00015,10.67,
145.60,1199.30,0.00014,11.06,
19.80,18.00,0.00053,10.59,
58.40,98.20,0.00061,11.11,
35.10,69.10,0.00134,10.58,
42.60,173.90,0.00033,11.01,
80.50,489.40,0.00027,10.80,
188.60,1306.60,0.00028,9.91,
178.00,957.90,0.0005,9.88,
204.20,1019.00,0.00091,9.04,
121.80,267.40,0.00044,11.63,
55.10,130.70,0.00029,9.75,
142.90,463.60,0.00016,11.42,
87.20,313.00,0.00163,10.66,
171.40,1030.40,0.00059,11.65,
123.90,561.60,0.00105,10.47,
29.30,63.00,0.00035,9.31,
57.00,125.00,0.07,13.14,
1600.00,16000.00,0.0003,11.23,
23.00,90.00,0.0003,11.69,
15.80,23.60,0.041,12.27,
12.80,14.30,0.023,11.32,
7.40,6.20,0.036,12.39,
4.50,3.10,0.08,10.76,
14.40,11.60,0.062,14.27,
8.70,6.20,0.026,11.97,
5.20,3.50,0.052,13.03,
9.10,9.70,0.077,6.41,
10.80,12.80,0.03,3.70,
21.20,23.70,0.031,2.61,
200.00,290.00,0.0004,3.55,
40.00,210.00,0.00015,7.09,
1975.00,28000.00,0.00035,8.22,
600.00,1240.00,0.0003,7.80,
140.00,1200.00,0.0004,2.95,
21.52,48.87,0.0099,3.49,
8.56,5.28,0.0157,6.58,
23.59,20.78,0.0162,2.59,
19.05,18.72,0.0104,6.34,
20.91,37.15,0.0168,2.15,
23.59,24.17,0.0008,2.32,
42.06,140.45,0.0205,4.93,
56.50,539.70,0.03773,3.55,
22.95,48.14,0.020633333,3.17,
58.17,106.75,0.0171,3.09,
68.40,20.50,0.003,3.81,
25.40,0.85,0.004,3.24,
10.10,0.28,0.009,3.37,
10.30,1.22,0.023,3.24,
14.70,0.31,0.006,3.15,
8.03,1.39,0.01,4.50,
34.30,6.69,0.005,4.38,
24.80,1.95,0.005,4.19,
3.94,0.46,0.081,1.46,
0.97,0.0210,0.01,2.69,
7.09,1.12,0.009,3.37,
9.39,0.36,0.001,2.70,
3.90,0.19,0.007,3.39,
3.16,0.66,0.006,3.59,
22.00,1.58,0.015,2.36,
10.90,1.82,0.012,4.43,
11.20,1.08,0.001,5.91,
48.00,6.77,0.005,5.67,
6.07,0.16,0.0045,5.27,
1.91,0.55,0.007,5.12,
32.00,40.00,0.00025,3.83,
120.00,665.00,0.0014,2.51,
17.10,12.00,0.0005,4.60,
58.00,226.00,0.018,6.27,
32.00,187.00,0.072,1.25,
29.00,45.30,0.035,2.04,
31.00,23.80,0.115,2.03,
69.00,668.00,0.014,2.76,
13.00,24.50,0.015,4.52,
27.00,10.50,0.066,5.89,
18.60,24.90,0.04,5.58,
99.10,580.60,0.021,4.61,
16.00,73.60,0.0062,1.95,
15.00,12.60,0.015,2.09,
3.00,3.00,0.038,2.77,
17.00,5.50,0.045,3.27,
8.20,13.20,0.0034,5.25,
39.60,70.80,0.045,4.07,
42.10,91.80,0.012,2.02,
4.00,1.70,0.165,1.55,
4.00,6.20,0.03,1.10,
3.00,4.50,0.076,10.00,
7.00,5.00,0.06,1.22,
7.00,7.50,0.12,1.40,
10.00,5.70,0.027,0.37,
34.10,11.30,0.072,0.43,
16.50,22.20,0.035,0.70,
13.00,17.60,0.15,0.91,
33.00,69.40,0.013,1.77,
29.00,79.30,0.001,2.01,
25.00,8.20,0.048,1.16,
23.50,27.50,0.042,1.86,
47.00,368.00,0.045,2.41,
32.00,116.00,0.005,0.55,
13.70,12.20,0.0027,1.30,
13.00,10.90,0.06,0.74,
17.00,24.00,0.083,0.90,
20.00,40.00,0.064,0.67,
18.00,45.00,0.104,0.60,
27.00,66.00,0.022,0.66,
23.00,68.00,0.049,0.53,
,,,,
,,,,
,,,,
,,,,
,,,,
,,,,
,,,,
,,,,
,,,,
,,,,
,,,,
,,,,
,,,,
,,,,
,,,,
,,,,
,,,,
,,,,
,,,,
,,,,
,,,,
,,,,
,,,,
,,,,
,,,,
,,,,
,,,,
,,,,
,,,,
,,,,
,,,,
,,,,
,,,,
,,,,
,,,,
,,,,
,,,,
,,,,
,,,,
,,,,
,,,,
,,,,
,,,,
,,,,
,,,,
,,,,
,,,,
,,,,
,,,,
,,,,
,,,,
,,,,
,,,,
,,,,
,,,,
,,,,
,,,,
,,,,
,,,,
,,,,
,,,,
,,,,
,,,,
,,,,
,,,,
,,,,
,,,,
,,,,
,,,,
,,,,
,,,,
,,,,
,,,,
,,,,
,,,,
,,,,
,,,,
,,,,
,,,,
,,,,
,,,,
,,,,
,,,,
,,,,
,,,,
,,,,
,,,,